<?xml version="1.0" encoding="UTF-8"?>
<template>
    <other include="widget3002">
        <condition tag="property" attribute="name|widgetPath" />
        <property name="widgetTarget" tag="property" attribute="name|widgetTarget" />
        <property name="widgetSort" tag="property" attribute="name|WidgetSort" />
        <property name="widgetDirection" tag="property" attribute="name|WidgetDirection" />
        <property name="widgetAspect" tag="property" attribute="name|WidgetAspect" />
        <property name="widgetName" tag="property" attribute="name|widgetName" />
        <property name="widgetContent" tag="property" attribute="name|widgetPath" />
        <property name="widgetContent">None</property>
        <property name="id" tag="mainmenuid" />
        <controls>
            <include content="Widget">
                <param name="id" value="$PYTHON[int(id) - 1]3002" />
                <param name="target" value="$SKINSHORTCUTS[widgetTarget]" />
                <param name="sortby" value="$SKINSHORTCUTS[widgetSort]" />
                <param name="sortorder" value="$SKINSHORTCUTS[widgetDirection]" />
                <param name="content" value="Container(300).ListItem.Property(widgetPath)" />
                <param name="widgetContent" value="$SKINSHORTCUTS[widgetContent]" />
                <param name="widgetAspect" value="$SKINSHORTCUTS[widgetAspect]" />
                <param name="aspect" value="Container(300).ListItem.Property(widgetAspect)" />
                <param name="label" value="$SKINSHORTCUTS[widgetName]" />
                <param name="visible" value="String.IsEqual(Container(300).ListItem.Property(id),$SKINSHORTCUTS[id])" />
                <param name="genres" value="$PYTHON['true' if ('tvGenres' in widgetContent or 'movieGenres' in widgetContent or 'TvGenres' in widgetContent or 'MovieGenres' in widgetContent or 'genres.xml' in widgetContent or 'Genres.xsp' in widgetContent or 'genres.xsp' in widgetContent) and 'music' not in widgetContent else 'false']" />
                <param name="studios" value="$PYTHON['true' if 'studios.xml' in widgetContent or 'Studios.xsp' in widgetContent or 'studios.xsp' in widgetContent else 'false']" />
                <param name="text" value="$PYTHON['true' if 'years.xml' in widgetContent or 'country.xml' in widgetContent or 'tags.xml' in widgetContent or 'directors.xml' in widgetContent or 'special://videoplaylists/' in widgetContent or 'years.xsp' in widgetContent or 'countries.xsp' in widgetContent or 'tags.xsp' in widgetContent or 'directors.xsp' in widgetContent or 'Years.xsp' in widgetContent or 'Countries.xsp' in widgetContent or 'Tags.xsp' in widgetContent or 'Directors.xsp' in widgetContent else 'false']" />
            </include>
        </controls>
    </other>
    <other include="widget3003">
        <condition tag="property" attribute="name|widgetPath.Widget1" />
        <property name="widgetTarget" tag="property" attribute="name|widgetTarget.Widget1" />
        <property name="widgetSort" tag="property" attribute="name|WidgetSort.Widget1" />
        <property name="widgetDirection" tag="property" attribute="name|WidgetDirection.Widget1" />
        <property name="widgetAspect" tag="property" attribute="name|WidgetAspect.Widget1" />
        <property name="widgetName" tag="property" attribute="name|widgetName.Widget1" />
        <property name="widgetContent" tag="property" attribute="name|widgetPath.Widget1" />
        <property name="widgetContent">None</property>
        <property name="id" tag="mainmenuid" />
        <controls>
            <include content="Widget">
                <param name="id" value="$PYTHON[int(id) - 1]3003" />
                <param name="target" value="$SKINSHORTCUTS[widgetTarget]" />
                <param name="sortby" value="$SKINSHORTCUTS[widgetSort]" />
                <param name="sortorder" value="$SKINSHORTCUTS[widgetDirection]" />
                <param name="content" value="Container(300).ListItem.Property(widgetPath.Widget1)" />
                <param name="widgetContent" value="$SKINSHORTCUTS[widgetContent]" />
                <param name="widgetAspect" value="$SKINSHORTCUTS[widgetAspect]" />
                <param name="aspect" value="Container(300).ListItem.Property(widgetAspect.Widget1)" />
                <param name="label" value="$SKINSHORTCUTS[widgetName]" />
                <param name="visible" value="String.IsEqual(Container(300).ListItem.Property(id),$SKINSHORTCUTS[id])" />
                <param name="genres" value="$PYTHON['true' if ('tvGenres' in widgetContent or 'movieGenres' in widgetContent or 'TvGenres' in widgetContent or 'MovieGenres' in widgetContent or 'genres.xml' in widgetContent or 'Genres.xsp' in widgetContent or 'genres.xsp' in widgetContent) and 'music' not in widgetContent else 'false']" />
                <param name="studios" value="$PYTHON['true' if 'studios.xml' in widgetContent or 'Studios.xsp' in widgetContent or 'studios.xsp' in widgetContent else 'false']" />
                <param name="text" value="$PYTHON['true' if 'years.xml' in widgetContent or 'country.xml' in widgetContent or 'tags.xml' in widgetContent or 'directors.xml' in widgetContent or 'special://videoplaylists/' in widgetContent or 'years.xsp' in widgetContent or 'countries.xsp' in widgetContent or 'tags.xsp' in widgetContent or 'directors.xsp' in widgetContent or 'Years.xsp' in widgetContent or 'Countries.xsp' in widgetContent or 'Tags.xsp' in widgetContent or 'Directors.xsp' in widgetContent else 'false']" />
            </include>
        </controls>
    </other>
    <other include="widget3004">
        <condition tag="property" attribute="name|widgetPath.Widget2" />
        <property name="widgetTarget" tag="property" attribute="name|widgetTarget.Widget2" />
        <property name="widgetSort" tag="property" attribute="name|WidgetSort.Widget2" />
        <property name="widgetDirection" tag="property" attribute="name|WidgetDirection.Widget2" />
        <property name="widgetAspect" tag="property" attribute="name|WidgetAspect.Widget2" />
        <property name="widgetName" tag="property" attribute="name|widgetName.Widget2" />
        <property name="widgetContent" tag="property" attribute="name|widgetPath.Widget2" />
        <property name="widgetContent">None</property>
        <property name="id" tag="mainmenuid" />
        <controls>
            <include content="Widget">
                <param name="id" value="$PYTHON[int(id) - 1]3004" />
                <param name="target" value="$SKINSHORTCUTS[widgetTarget]" />
                <param name="sortby" value="$SKINSHORTCUTS[widgetSort]" />
                <param name="sortorder" value="$SKINSHORTCUTS[widgetDirection]" />
                <param name="content" value="Container(300).ListItem.Property(widgetPath.Widget2)" />
                <param name="widgetContent" value="$SKINSHORTCUTS[widgetContent]" />
                <param name="widgetAspect" value="$SKINSHORTCUTS[widgetAspect]" />
                <param name="aspect" value="Container(300).ListItem.Property(widgetAspect.Widget2)" />
                <param name="label" value="$SKINSHORTCUTS[widgetName]" />
                <param name="visible" value="String.IsEqual(Container(300).ListItem.Property(id),$SKINSHORTCUTS[id])" />
                <param name="genres" value="$PYTHON['true' if ('tvGenres' in widgetContent or 'movieGenres' in widgetContent or 'TvGenres' in widgetContent or 'MovieGenres' in widgetContent or 'genres.xml' in widgetContent or 'Genres.xsp' in widgetContent or 'genres.xsp' in widgetContent) and 'music' not in widgetContent else 'false']" />
                <param name="studios" value="$PYTHON['true' if 'studios.xml' in widgetContent or 'Studios.xsp' in widgetContent or 'studios.xsp' in widgetContent else 'false']" />
                <param name="text" value="$PYTHON['true' if 'years.xml' in widgetContent or 'country.xml' in widgetContent or 'tags.xml' in widgetContent or 'directors.xml' in widgetContent or 'special://videoplaylists/' in widgetContent or 'years.xsp' in widgetContent or 'countries.xsp' in widgetContent or 'tags.xsp' in widgetContent or 'directors.xsp' in widgetContent or 'Years.xsp' in widgetContent or 'Countries.xsp' in widgetContent or 'Tags.xsp' in widgetContent or 'Directors.xsp' in widgetContent else 'false']" />
            </include>
        </controls>
    </other>
    <other include="widget3005">
        <condition tag="property" attribute="name|widgetPath.Widget3" />
        <property name="widgetTarget" tag="property" attribute="name|widgetTarget.Widget3" />
        <property name="widgetSort" tag="property" attribute="name|WidgetSort.Widget3" />
        <property name="widgetDirection" tag="property" attribute="name|WidgetDirection.Widget3" />
        <property name="widgetAspect" tag="property" attribute="name|WidgetAspect.Widget3" />
        <property name="widgetName" tag="property" attribute="name|widgetName.Widget3" />
        <property name="widgetContent" tag="property" attribute="name|widgetPath.Widget3" />
        <property name="widgetContent">None</property>
        <property name="id" tag="mainmenuid" />
        <controls>
            <include content="Widget">
                <param name="id" value="$PYTHON[int(id) - 1]3005" />
                <param name="target" value="$SKINSHORTCUTS[widgetTarget]" />
                <param name="sortby" value="$SKINSHORTCUTS[widgetSort]" />
                <param name="sortorder" value="$SKINSHORTCUTS[widgetDirection]" />
                <param name="content" value="Container(300).ListItem.Property(widgetPath.Widget3)" />
                <param name="widgetContent" value="$SKINSHORTCUTS[widgetContent]" />
                <param name="widgetAspect" value="$SKINSHORTCUTS[widgetAspect]" />
                <param name="aspect" value="Container(300).ListItem.Property(widgetAspect.Widget3)" />
                <param name="label" value="$SKINSHORTCUTS[widgetName]" />
                <param name="visible" value="String.IsEqual(Container(300).ListItem.Property(id),$SKINSHORTCUTS[id])" />
                <param name="genres" value="$PYTHON['true' if ('tvGenres' in widgetContent or 'movieGenres' in widgetContent or 'TvGenres' in widgetContent or 'MovieGenres' in widgetContent or 'genres.xml' in widgetContent or 'Genres.xsp' in widgetContent or 'genres.xsp' in widgetContent) and 'music' not in widgetContent else 'false']" />
                <param name="studios" value="$PYTHON['true' if 'studios.xml' in widgetContent or 'Studios.xsp' in widgetContent or 'studios.xsp' in widgetContent else 'false']" />
                <param name="text" value="$PYTHON['true' if 'years.xml' in widgetContent or 'country.xml' in widgetContent or 'tags.xml' in widgetContent or 'directors.xml' in widgetContent or 'special://videoplaylists/' in widgetContent or 'years.xsp' in widgetContent or 'countries.xsp' in widgetContent or 'tags.xsp' in widgetContent or 'directors.xsp' in widgetContent or 'Years.xsp' in widgetContent or 'Countries.xsp' in widgetContent or 'Tags.xsp' in widgetContent or 'Directors.xsp' in widgetContent else 'false']" />
            </include>
        </controls>
    </other>
    <other include="widget3006">
        <condition tag="property" attribute="name|widgetPath.Widget4" />
        <property name="widgetTarget" tag="property" attribute="name|widgetTarget.Widget4" />
        <property name="widgetSort" tag="property" attribute="name|WidgetSort.Widget4" />
        <property name="widgetDirection" tag="property" attribute="name|WidgetDirection.Widget4" />
        <property name="widgetAspect" tag="property" attribute="name|WidgetAspect.Widget4" />
        <property name="widgetName" tag="property" attribute="name|widgetName.Widget4" />
        <property name="widgetContent" tag="property" attribute="name|widgetPath.Widget4" />
        <property name="widgetContent">None</property>
        <property name="id" tag="mainmenuid" />
        <controls>
            <include content="Widget">
                <param name="id" value="$PYTHON[int(id) - 1]3006" />
                <param name="target" value="$SKINSHORTCUTS[widgetTarget]" />
                <param name="sortby" value="$SKINSHORTCUTS[widgetSort]" />
                <param name="sortorder" value="$SKINSHORTCUTS[widgetDirection]" />
                <param name="content" value="Container(300).ListItem.Property(widgetPath.Widget4)" />
                <param name="widgetContent" value="$SKINSHORTCUTS[widgetContent]" />
                <param name="widgetAspect" value="$SKINSHORTCUTS[widgetAspect]" />
                <param name="aspect" value="Container(300).ListItem.Property(widgetAspect.Widget4)" />
                <param name="label" value="$SKINSHORTCUTS[widgetName]" />
                <param name="visible" value="String.IsEqual(Container(300).ListItem.Property(id),$SKINSHORTCUTS[id])" />
                <param name="genres" value="$PYTHON['true' if ('tvGenres' in widgetContent or 'movieGenres' in widgetContent or 'TvGenres' in widgetContent or 'MovieGenres' in widgetContent or 'genres.xml' in widgetContent or 'Genres.xsp' in widgetContent or 'genres.xsp' in widgetContent) and 'music' not in widgetContent else 'false']" />
                <param name="studios" value="$PYTHON['true' if 'studios.xml' in widgetContent or 'Studios.xsp' in widgetContent or 'studios.xsp' in widgetContent else 'false']" />
                <param name="text" value="$PYTHON['true' if 'years.xml' in widgetContent or 'country.xml' in widgetContent or 'tags.xml' in widgetContent or 'directors.xml' in widgetContent or 'special://videoplaylists/' in widgetContent or 'years.xsp' in widgetContent or 'countries.xsp' in widgetContent or 'tags.xsp' in widgetContent or 'directors.xsp' in widgetContent or 'Years.xsp' in widgetContent or 'Countries.xsp' in widgetContent or 'Tags.xsp' in widgetContent or 'Directors.xsp' in widgetContent else 'false']" />
            </include>
        </controls>
    </other>
    <other include="widget3007">
        <condition tag="property" attribute="name|widgetPath.Widget5" />
        <property name="widgetTarget" tag="property" attribute="name|widgetTarget.Widget5" />
        <property name="widgetSort" tag="property" attribute="name|WidgetSort.Widget5" />
        <property name="widgetDirection" tag="property" attribute="name|WidgetDirection.Widget5" />
        <property name="widgetAspect" tag="property" attribute="name|WidgetAspect.Widget5" />
        <property name="widgetName" tag="property" attribute="name|widgetName.Widget5" />
        <property name="widgetContent" tag="property" attribute="name|widgetPath.Widget5" />
        <property name="widgetContent">None</property>
        <property name="id" tag="mainmenuid" />
        <controls>
            <include content="Widget">
                <param name="id" value="$PYTHON[int(id) - 1]3007" />
                <param name="target" value="$SKINSHORTCUTS[widgetTarget]" />
                <param name="sortby" value="$SKINSHORTCUTS[widgetSort]" />
                <param name="sortorder" value="$SKINSHORTCUTS[widgetDirection]" />
                <param name="content" value="Container(300).ListItem.Property(widgetPath.Widget5)" />
                <param name="widgetContent" value="$SKINSHORTCUTS[widgetContent]" />
                <param name="widgetAspect" value="$SKINSHORTCUTS[widgetAspect]" />
                <param name="aspect" value="Container(300).ListItem.Property(widgetAspect.Widget5)" />
                <param name="label" value="$SKINSHORTCUTS[widgetName]" />
                <param name="visible" value="String.IsEqual(Container(300).ListItem.Property(id),$SKINSHORTCUTS[id])" />
                <param name="genres" value="$PYTHON['true' if ('tvGenres' in widgetContent or 'movieGenres' in widgetContent or 'TvGenres' in widgetContent or 'MovieGenres' in widgetContent or 'genres.xml' in widgetContent or 'Genres.xsp' in widgetContent or 'genres.xsp' in widgetContent) and 'music' not in widgetContent else 'false']" />
                <param name="studios" value="$PYTHON['true' if 'studios.xml' in widgetContent or 'Studios.xsp' in widgetContent or 'studios.xsp' in widgetContent else 'false']" />
                <param name="text" value="$PYTHON['true' if 'years.xml' in widgetContent or 'country.xml' in widgetContent or 'tags.xml' in widgetContent or 'directors.xml' in widgetContent or 'special://videoplaylists/' in widgetContent or 'years.xsp' in widgetContent or 'countries.xsp' in widgetContent or 'tags.xsp' in widgetContent or 'directors.xsp' in widgetContent or 'Years.xsp' in widgetContent or 'Countries.xsp' in widgetContent or 'Tags.xsp' in widgetContent or 'Directors.xsp' in widgetContent else 'false']" />
            </include>
        </controls>
    </other>
    <other include="widget3008">
        <condition tag="property" attribute="name|widgetPath.Widget6" />
        <property name="widgetTarget" tag="property" attribute="name|widgetTarget.Widget6" />
        <property name="widgetSort" tag="property" attribute="name|WidgetSort.Widget6" />
        <property name="widgetDirection" tag="property" attribute="name|WidgetDirection.Widget6" />
        <property name="widgetAspect" tag="property" attribute="name|WidgetAspect.Widget6" />
        <property name="widgetName" tag="property" attribute="name|widgetName.Widget6" />
        <property name="widgetContent" tag="property" attribute="name|widgetPath.Widget6" />
        <property name="widgetContent">None</property>
        <property name="id" tag="mainmenuid" />
        <controls>
            <include content="Widget">
                <param name="id" value="$PYTHON[int(id) - 1]3008" />
                <param name="target" value="$SKINSHORTCUTS[widgetTarget]" />
                <param name="sortby" value="$SKINSHORTCUTS[widgetSort]" />
                <param name="sortorder" value="$SKINSHORTCUTS[widgetDirection]" />
                <param name="content" value="Container(300).ListItem.Property(widgetPath.Widget6)" />
                <param name="widgetContent" value="$SKINSHORTCUTS[widgetContent]" />
                <param name="widgetAspect" value="$SKINSHORTCUTS[widgetAspect]" />
                <param name="aspect" value="Container(300).ListItem.Property(widgetAspect.Widget6)" />
                <param name="label" value="$SKINSHORTCUTS[widgetName]" />
                <param name="visible" value="String.IsEqual(Container(300).ListItem.Property(id),$SKINSHORTCUTS[id])" />
                <param name="genres" value="$PYTHON['true' if ('tvGenres' in widgetContent or 'movieGenres' in widgetContent or 'TvGenres' in widgetContent or 'MovieGenres' in widgetContent or 'genres.xml' in widgetContent or 'Genres.xsp' in widgetContent or 'genres.xsp' in widgetContent) and 'music' not in widgetContent else 'false']" />
                <param name="studios" value="$PYTHON['true' if 'studios.xml' in widgetContent or 'Studios.xsp' in widgetContent or 'studios.xsp' in widgetContent else 'false']" />
                <param name="text" value="$PYTHON['true' if 'years.xml' in widgetContent or 'country.xml' in widgetContent or 'tags.xml' in widgetContent or 'directors.xml' in widgetContent or 'special://videoplaylists/' in widgetContent or 'years.xsp' in widgetContent or 'countries.xsp' in widgetContent or 'tags.xsp' in widgetContent or 'directors.xsp' in widgetContent or 'Years.xsp' in widgetContent or 'Countries.xsp' in widgetContent or 'Tags.xsp' in widgetContent or 'Directors.xsp' in widgetContent else 'false']" />
            </include>
        </controls>
    </other>
    <other include="widget3009">
        <condition tag="property" attribute="name|widgetPath.Widget7" />
        <property name="widgetTarget" tag="property" attribute="name|widgetTarget.Widget7" />
        <property name="widgetSort" tag="property" attribute="name|WidgetSort.Widget7" />
        <property name="widgetDirection" tag="property" attribute="name|WidgetDirection.Widget7" />
        <property name="widgetAspect" tag="property" attribute="name|WidgetAspect.Widget7" />
        <property name="widgetName" tag="property" attribute="name|widgetName.Widget7" />
        <property name="widgetContent" tag="property" attribute="name|widgetPath.Widget7" />
        <property name="widgetContent">None</property>
        <property name="id" tag="mainmenuid" />
        <controls>
            <include content="Widget">
                <param name="id" value="$PYTHON[int(id) - 1]3009" />
                <param name="target" value="$SKINSHORTCUTS[widgetTarget]" />
                <param name="sortby" value="$SKINSHORTCUTS[widgetSort]" />
                <param name="sortorder" value="$SKINSHORTCUTS[widgetDirection]" />
                <param name="content" value="Container(300).ListItem.Property(widgetPath.Widget7)" />
                <param name="widgetContent" value="$SKINSHORTCUTS[widgetContent]" />
                <param name="widgetAspect" value="$SKINSHORTCUTS[widgetAspect]" />
                <param name="aspect" value="Container(300).ListItem.Property(widgetAspect.Widget7)" />
                <param name="label" value="$SKINSHORTCUTS[widgetName]" />
                <param name="visible" value="String.IsEqual(Container(300).ListItem.Property(id),$SKINSHORTCUTS[id])" />
                <param name="genres" value="$PYTHON['true' if ('tvGenres' in widgetContent or 'movieGenres' in widgetContent or 'TvGenres' in widgetContent or 'MovieGenres' in widgetContent or 'genres.xml' in widgetContent or 'Genres.xsp' in widgetContent or 'genres.xsp' in widgetContent) and 'music' not in widgetContent else 'false']" />
                <param name="studios" value="$PYTHON['true' if 'studios.xml' in widgetContent or 'Studios.xsp' in widgetContent or 'studios.xsp' in widgetContent else 'false']" />
                <param name="text" value="$PYTHON['true' if 'years.xml' in widgetContent or 'country.xml' in widgetContent or 'tags.xml' in widgetContent or 'directors.xml' in widgetContent or 'special://videoplaylists/' in widgetContent or 'years.xsp' in widgetContent or 'countries.xsp' in widgetContent or 'tags.xsp' in widgetContent or 'directors.xsp' in widgetContent or 'Years.xsp' in widgetContent or 'Countries.xsp' in widgetContent or 'Tags.xsp' in widgetContent or 'Directors.xsp' in widgetContent else 'false']" />
            </include>
        </controls>
    </other>
</template>
