<?xml version="1.0" encoding="UTF-8" standalone="yes"?>
<addon id="script.epg_fuzzy_match" name="EPG Fuzzy Match" version="0.2.11" provider-name="kcook98765">
	<requires>
		<import addon="xbmc.python" version="3.0.0"/>
		<import addon="script.module.simplecache" version="2.0.2" />
	</requires>
	<extension point="xbmc.service" library="addon.py">
		<provides>executable</provides>
	</extension>
	<extension point="xbmc.python.script" library="context.py">
		<provides>executable</provides>
	</extension>
	<extension point="xbmc.addon.metadata">
		<platform>all</platform>
		<summary lang="en">Fuzzy Video Match</summary>
		<description lang="en">Perform EPG fuzzy match on local library</description>
		<license>GNU General Public License, v3</license>
		<language></language>
		<source>https://github.com/kcook98765/script.epg_fuzzy_match</source>
		<email></email>
		<assets>
			<icon>icon.png</icon>
		</assets>
		<news>
V0.2.11 Modify movie matching logic, ensure kinhelper imdbnumber matches by comparing year (can get mismatches from skinhelper)

V0.2.10 Modify movie matching logic, use skinhelper imdbnumber if available,also search map numeric/text variations

V0.2.9 Modify movie matching logic, bit more strict, only fallback to cast match if nothing else matches
		
V0.2.8 Add script service to be able to call link to movie/show info page from skin		
		
V0.2.7 Bug fix from prev version.

V0.2.6 Fix Series Episode matching, account for "ampersand" vs "and" in titles. 
Added debug setting toggle.
Add more debugging.
Try actor cast matching fallback for movie matching.
		
V0.2.5 Fix display for multi match Series episodes.
		
V0.2.4 Allow wider range of movie years, fix episode multi listing.

V0.2.3 Fixed Episode matching logic
	
V0.2.2 Have added series matching		
		
V0.1.0 Added Settings section to allow toggle of Notifications.		

V0.0.1 Initial Version</news>
	</extension>
	<extension point="kodi.context.item">
		<menu id="kodi.core.main">
			<item library="context.py" args="Single">
				<label>Library Match</label>
				<visible>String.IsEqual(Window(10000).Property(Fuzzy.context),Single)</visible>
			</item>
			<item library="context.py" args="Multi">
				<label>Library Matches</label>
				<visible>String.IsEqual(Window(10000).Property(Fuzzy.context),Multi)</visible>
			</item>
		</menu>
	</extension>
</addon>
