<?xml version="1.0" encoding="UTF-8" standalone="yes"?>
<addon id="script.DevView" name="DevView" version="0.3.10" provider-name="kcook98765">
	<requires>
		<import addon="xbmc.python" version="3.0.0"/>
	</requires>
	<extension point="xbmc.service" library="server.py" />
	<extension point="xbmc.python.script" library="genreport.py" />
    <extension point="kodi.context.item">
        <menu id="kodi.core.main">
            <item library="context.py">
                <label>30012</label>
                <visible>true</visible>
            </item>
        </menu>
    </extension>
    <extension point="xbmc.python.pluginsource" library="report.py">
        <provides>video</provides>
    </extension>
	<extension point="xbmc.addon.metadata">
		<platform>all</platform>
		<summary lang="en">DevView</summary>
		<description lang="en">Peek under the hood, review current kodi data localy or remotly.</description>
		<license>GNU General Public License, v3</license>
		<language></language>
		<source>https://github.com/kcook98765/script.DevView</source>
		<email></email>
		<assets>
			<icon>icon.png</icon>
		</assets>
		<news>
V0.3.10 fix log/display of ListItem base code	
		
V0.3.9 fix html table width, add PVR.GetBroadcastDetails
		
V0.3.8 fix for in-kodi report page.
		
V0.3.7 fix for matrix
		
V0.3.6 Revamp most everything. Results stored in database. Use Video Addon functionality to show results in kodi
HTML page improvements.
Calls various JsonRPC depending on what is viewed
		
V0.2.2 update readme

V0.2.2 HTML report layout re orginization		
		
V0.2.1 Add back in Music details, better json matching, tweak report display		
		
V0.1.1 Fix for Matrix systems

V0.1.1 Refactor code, push lists of functions into a database, also add screenshot to reports

V0.0.14 remove utf8 characters in dictionary for V19 to run		
		
V0.0.13 allow V20 data if running V20		

V0.0.11 and 12 drop unneeded dependency		
		
V0.0.11 Temp comment out nexus only commands

V0.0.10 Initial Version</news>
	</extension>
</addon>
