<?xml version="1.0" encoding="UTF-8"?>
<window id="2003">
<onload>RunPlugin(plugin://script.embuary.helper?info=getcast&amp;type=movie&amp;title=$ESCINFO[ListItem.EpgEventTitle])</onload>

    <defaultcontrol always="true">9000</defaultcontrol>
    <controls>
        <include>Global_Overlay</include>
        <control type="group">
            <include content="Dialog_Standard_Group">
                <param name="width" value="1400" />
                <param name="height" value="650" />
            </include>

            <control type="label" id="2">
                <include>Dialog_Standard_Header</include>
                <label>$INFO[ListItem.EpgEventTitle]$INFO[ListItem.EpisodeName, - ,]</label>
            </control>
            <control type="grouplist">
                <left>30</left>
                <top>100</top>
                <right>60</right>
                <include>Dialog_Info_Details_Grouplist</include>
                <!-- start,stop and channel -->
                <control type="group">
                    <height>50</height>
                    <control type="label">
                        <left>0</left>
                        <width>160</width>
                        <align>right</align>
                        <textcolor>dialog_fg_30</textcolor>
                        <font>font_small</font>
                        <label>19126</label>
                        <aligny>top</aligny>
                    </control>
                    <control type="label">
                        <left>176</left>
                        <textcolor>dialog_fg_70</textcolor>
                        <font>font_small</font>
                        <aligny>top</aligny>
                        <label fallback="19055">$INFO[ListItem.StartTime] - $INFO[ListItem.EndTime] : $INFO[ListItem.ChannelName]$INFO[ListItem.ChannelNumberLabel, (,)]</label>
                    </control>
                </control>
                <!-- Plot -->
                <control type="group">
                    <height>150</height>
                    <control type="label">
                        <left>0</left>
                        <width>160</width>
                        <align>right</align>
                        <textcolor>dialog_fg_30</textcolor>
                        <font>font_small</font>
                        <label>21821</label>
                        <aligny>top</aligny>
                    </control>
                    <control type="textbox">
                        <left>176</left>
                        <textcolor>dialog_fg_70</textcolor>
                        <font>font_plotbox</font>
                        <aligny>top</aligny>
                        <label fallback="19055">$INFO[ListItem.Plot]</label>
                    </control>
                </control>
                <!-- Cast -->
                <control type="group">
                    <height>50</height>
                    <control type="label">
                        <left>0</left>
                        <width>160</width>
                        <align>right</align>
                        <textcolor>dialog_fg_30</textcolor>
                        <font>font_small</font>
                        <label>$LOCALIZE[206]</label>
                        <aligny>top</aligny>
                    </control>
                    <control type="label">
                        <left>176</left>
                        <textcolor>dialog_fg_70</textcolor>
                        <font>font_small</font>
                        <aligny>top</aligny>
                        <label fallback="19055">$INFO[ListItem.Cast] -- $INFO[ListItem.Property(Cast.1)]</label>
                    </control>
                </control>

            </control>
            <!-- Buttons -->
            <control type="grouplist" id="9000">
                <left>30</left>
                <right>30</right>
                <align>center</align>
                <bottom>20</bottom>
                <height>60</height>
                <orientation>horizontal</orientation>
                <itemgap>14</itemgap>
                <control type="button" id="9091">
                    <label>Local Copy</label>
                    <include>Dialog_Info_Buttons</include>
                    <visible>Window.IsActive(PVRGuideInfo) + !String.IsEmpty(Window(Home).Property(Fuzzy.xsp))</visible>
                    <onclick>RunScript(script.epg_fuzzy_match,$INFO[Window(Home).Property(Fuzzy.context)])</onclick>
                </control>
                <control type="button" id="5">
                    <label>19165</label>
                    <include>Dialog_Info_Buttons</include>
                    <visible>Window.IsActive(PVRGuideInfo)</visible>
                </control>
                <control type="button" id="4">
                    <label>19003</label>
                    <include>Dialog_Info_Buttons</include>
                    <visible>Window.IsActive(PVRGuideInfo)</visible>
                </control>
                <control type="button" id="6">
                    <include>Dialog_Info_Buttons</include>
                    <visible>Window.IsActive(PVRGuideInfo)</visible>
                </control>
                <control type="button" id="8">
                    <label>19687</label>
                    <include>Dialog_Info_Buttons</include>
                    <visible>Window.IsActive(PVRGuideInfo) | Window.IsActive(PVRRecordingInfo)</visible>
                </control>
                <control type="button" id="7">
                    <label>186</label>
                    <include>Dialog_Info_Buttons</include>
                </control>
            </control>
        </control>
    </controls>

</window>
